fe4bd84c2fe8517565909fbf182f9350,7.ogg
7f12dbce249f98b06973d298b55d8c96,19.ogg
f35010cbf012113ae53dcfab87ec874b,27.ogg
4716c5eabb11bed363743f85981603c4,28.ogg
b585146ccd7038fed7e03079baa0ea64,44.ogg
d45bf151d2992c9aaeeec9d18ed4acf2,45.ogg
a8c658d13b375d1cec95a1e0fcca796c,47.ogg
d57a2c8c45cf59137d3942bb92a035ee,54.ogg
685a89c1907a980a2dd83f72a0629c1e,55.ogg
02935a6a23093bc1bcfc1070aaa8d11c,56.ogg
8ca6f7686b9fc5b10a0c10279fe7d955,63.ogg
80011a844b720328524b9a158d03691e,64.ogg
2fe0dd5b38f788920cd10d6cd05fc665,72.ogg
f65674410f8d07327dc64c7723160323,76.ogg
181ee4b714a6fef2f9cd3f3ac5c30c5e,77.ogg
50d5103f33766ebda1dcd3dfe5e450f3,81.ogg
a1085955bb864fb54bbbbb2002877c21,85.ogg
e81b4ed9fea74581ec50b6f1fc1ca048,88.ogg
e3ba23a10034e75593ce0822eecdf1ef,89.ogg
69d6b8ba854ea9d096176faea085902b,92.ogg
93461b4c3918cfa8b45881b95bc53a12,93.ogg
09499eff2cd46796a68b4c9aff240a87,95.ogg
00b8f49a85afa6a7c790e704b7016a55,26.ogg
a7969d8a5e5d684ff77d7c4e8993cea7,53.ogg
8a46841db84d90c5e9b7ad641f58d1e4,119.ogg
f3759f12d1360551ae0b37d7cbfc5f85,120.ogg
e5577cd1c38ceef4d1ae33947b66ff73,124.ogg
fa0fb98d1528b949c7283c4e3df64029,127.ogg
bb25ecf76a1b8e5bc21a94849229e262,134.ogg
646bdc054a0d2146f858c1c315fb6a8e,140.ogg
8561749a4bd830625a5be7f4ac24dc3c,142.ogg
edd7ff0accfe50ad33f3a3e3db55a5f8,161.ogg
28c05988d122de3ee3f1dfc4acd39e30,162.ogg
a22b5b49c6b777c6b850b548f117c2e3,163.ogg
e4d5eb600fd17cc187f3b2cb234e58ab,166.ogg
19d58dc37c3bbe3c791cb34cda3694d7,167.ogg
bac60a9eb7a897e6dec6307a8b8f7a6d,178.ogg
236a66fa16bb2966d434d988b824837e,182.ogg
b520a196d366e0eaf0e2b499ce1259b9,183.ogg
f0529c7b895f46c08545ef4f0e0812b6,184.ogg
57320386dc3f5a9e02825e7b980ebed1,196.ogg
9b3a41314f72ad521ae3e821aa3626b5,199.ogg
8a2e024fdffb53d5e6ad41b938ead685,189.ogg
c93b10e4c4f374e93cddf2d368229208,218.ogg
cfef0f26dfa0fbaa9ed66b4b34e1174e,219.ogg
9cff8510dc4756c100d5ec94f8c85ac8,222.ogg
8a9ccedfa6fc3f0637b76e75b65e1204,224.ogg
d757c58229e5cf37ed36a03051b35af9,225.ogg
61c032ea611770afe6f26b8e7ac37ad8,227.ogg
6c7b3785fdad238bf02395ee4669bcb1,229.ogg
504442946a0a3abd7b55b44178228536,232.ogg
c39f6f0e3708d168abd52586ce7818c3,239.ogg
b4076ca76fa0647b2d093c86ea7e7b51,240.ogg
8e687e3e61337abea9add27165fb184a,245.ogg
413d3424609be7e141d07a4134893f35,248.ogg
11a93b9713af184ad39f1492dd9d16f7,254.ogg
06680059c91b09d41a68df5e1922e75f,256.ogg
2bb97326a884f8907d606c035f6d31e9,257.ogg
5d9d8062c5b5097e1a6c44e736b9d5f0,263.ogg
66b5f2fe15f1561b6ca51289b0d0a0c3,265.ogg
f88f6fdc20e9d86ee5f5cfd9ff98ab56,267.ogg
3b8404e8548a8064735fcec96baf61ab,268.ogg
0c879d1a451db84d04dcac8df9715238,274.ogg
d00261147072e0403ad6ec1f311fe96b,276.ogg
1f52233e4f4c54294f7bcd67189d34ab,278.ogg
3e3cfaf579e7ad31a4d295647565508b,293.ogg
25653ff4f86453e4f7ba832df396c550,302.ogg
b31474dd1bbebf1c452ad7911d0f3468,303.ogg
fd0a35e1530baa13f719728c56438605,308.ogg
045c67c8c33ef41b97048ac1e0281f3c,313.ogg
31ad66c488f1192aec463bbd237acfe2,315.ogg
bd5925cc6615bdbcdc7f49a896287693,317.ogg
745ba05293cfbd32bb2aa69ac11b2885,320.ogg
7df0b3a089507407818536ebe7c494bb,322.ogg
5266fcb77f9ee716e8617ec7b88028aa,329.ogg
d35a3223560f1b92efce03bb862a7675,330.ogg
f27141819204bee1f06449e514b8f8f3,333.ogg
226bebe2ac5274633bc11d23fc73dcbd,334.ogg
853a048897450d6c928ec5dbb9c6ace6,336.ogg
714daac5b5b2fc22a21cc5e9561c6f93,343.ogg
2030b6b23c349da6e4c5fc4c6d4524a8,345.ogg
141ca931af624121d8cc23d1ae9a7f7d,346.ogg
35e96b75e986ae2ba46b5cb683bfca06,348.ogg
c05f3762e6141ee693578b7bdd83fe7a,355.ogg
82e10dcfa5dc52a1b82b4c8a3f12210a,359.ogg
ab704600bd9affe5054bc8a6ab28c3ae,364.ogg
2842def0fed3b2ed96aac6d5fa373bd4,365.ogg
9894622de343465ed522ed84edc518f1,368.ogg
aaff2dfcb0e59a6729eaec756958f450,379.ogg
7f834aab4c7ee0b51cdfffc47d790dc7,382.ogg
0a361f8aca563003ed83f0675b4aa7a8,388.ogg
ce6c561dab1b416319c20e97729c7617,391.ogg
8df411cc4259a21110209da0779ec024,393.ogg
f7230cb7fe2fb8058a2be28f05f29e3a,394.ogg
49d9f3a6bb2648fa5e6fd343962e6fe9,399.ogg
f2678534d9ee6860c68947d6ea3a92c0,401.ogg
dfd7e76e9cf76d45cc64981cb2ab5004,402.ogg
916200f937f3b812473888a5462f6396,405.ogg
21e9ef135bb5efe0394a3da77d7591c7,406.ogg
bdc8c6fb3e93270a1bbc5daa257afabc,412.ogg
9c51079436758be3d54655da8e34d9b3,419.ogg
7f072d89e36e3783b7a8bdd165b28b6d,426.ogg
2e813a8038dd2b01d033577f9dd0afba,430.ogg
5a7e4742f20a8f3915cc72aca6ac2cd7,431.ogg
ddcea7b9e3f8ae05eeafda55a30767f9,432.ogg
2f201936c2d79987a1dd68bffe268a10,434.ogg
e700e3a7548c1edea1272c782070ea0f,435.ogg
df460b4bb91e5c358da655b97677ac24,437.ogg
e69c69b4df07e9fd6a46e8ae319290af,439.ogg
6a437f1c1e82516eeac9b130fd18f45a,441.ogg
a4f7ae8745b234c64129dc55d7f67c3e,447.ogg
d65aa33e6bb1e83a1c1a289e2d17a443,458.ogg
f0e1abb611669d220ebd5a4cc43ecb80,460.ogg
6f75df919e3c299356f37a8a6905e393,462.ogg
5bf61822e4dbb0a635f3d8e09d1ad098,463.ogg
d2911daa21b4e675f2981ce235df7cbb,466.ogg
77b15b6e404302cc78ec3455d43ab420,467.ogg
36434d0a628af0210e006d36abef9ac1,471.ogg
f32297eb93af4b90331d7985472ae418,475.ogg
2aedaee7138dfbdeb724890bafd1ddea,480.ogg
b29afd6a434f5187bf7c06af4d3478f4,484.ogg
ab1353a735277d6761b5c4941254db02,491.ogg
2c93421301826c8a1e77b7b1a7837901,492.ogg
23dff063af698c5af3c6c7feb625b993,494.ogg
96a390e15ebaa2783803e9dd292ce51a,495.ogg
5fd291faf7bf532645e119ccd13f5531,504.ogg
e38c1cb8183fd9756722991d36e5cc33,512.ogg
67fdde09dacdbe2038bf954f50910237,519.ogg
3a879b83607d789a33fc84367d38e94d,530.ogg
2a19ddddee2123350b8eb42530dcc637,532.ogg
ac8d0b99f7d790bc45ce40126f09a292,538.ogg
d6edba1d59a2cd5b15b2820d384b1b12,539.ogg
6e22b080939dd42d8ead43b8f6d63a10,544.ogg
831f17ce4b8ed83d5c5bc6ed3e653867,545.ogg
5404eb1af3b217f18ee9a2281591f9eb,546.ogg
65f43fcbbef2b52177f24fd9b245face,297.ogg
76a695770fb8bc46cfdea1c996e01535,548.ogg
3d1522cdec537fc12e68b1b15041056c,551.ogg
04526b3a9a6f957a3981d6a76eb8da2b,553.ogg
1b581aed0a89bdb0cfa115652ab4eb9b,554.ogg
db44a52788728d6686bbe1729becc735,556.ogg
609edeb638aa010dd9b9215cbae84b37,557.ogg
2e3a61b4f755e499f710278e52c7176b,564.ogg
19c63533ef93fae3212a350a3e19bb23,565.ogg
2166a43a5bafaf1fd87c311c1c23f6e5,570.ogg
3a0738f41ece8f9157970363e97ee69b,571.ogg
632e413090b648291b29659c3f5ee919,575.ogg
6e6b6d69d542fb02dc0b23756923dff7,577.ogg
bf505080cab8372cb34b4ff88988b5eb,578.ogg
08e9cb35c4bb7eafae398a498b461fd6,582.ogg
3900229380bd5f19093595a92601ec9f,583.ogg
6db52999bd1aa1feba389c29daef8c29,586.ogg
bec1ad551f25c1b33b925f2a35b9179c,594.ogg
fbd57acf3f2224e4e34bd8d99d149d6e,597.ogg
04cc572d7ba57943aeb9ad47e3499d23,598.ogg
94d9c73e5ac79691b2af874cdb2be9d8,603.ogg
e78bc86e19b98ed7c33959b2a307b129,604.ogg
923eb205789423eb8ef04732e9e6fb97,611.ogg
e856dbae7d7c27230f84866155716bdd,614.ogg
8908f09696293391aa7afbb4353a40ff,615.ogg
76c76586f2e0d4d060f705da6bf41692,616.ogg
4fac65d7bb4b6be23cb505b9b9430714,620.ogg
2b09f6d05b0147f861daaccdffea65e6,625.ogg
fa5a8f0ba11b26a2f57962145e5ba197,631.ogg
cfaab15235abd3613e2528091e563379,633.ogg
32182a6a4ec074b9a0c48bb39215b00a,640.ogg
e31df8bf4484f7bf3af3b87ad31c196a,641.ogg
4d64350ba5432d212a85d8eaefbbd772,643.ogg
5aafacc5018d552d4da7167e208d8d95,651.ogg
57476d7ef2674c1c6e716eed599ed47d,654.ogg
3862d783ea0b2c0081c66e964499403e,656.ogg
530815cbc79f2d7c8a98b64ac0ba0334,659.ogg
3eca49c07b2e3b60bf678f44c7c03c56,660.ogg
d115dd7bc161807d2411ee23651f5602,662.ogg
f0d59c3c51d78fd0951fc72741b2676e,665.ogg
2d46f100a00c89b690f05165def9e4d7,666.ogg
33907687a088ec0d1d733995998c09fa,668.ogg
97f1c322924b308fe3f055601d9d0228,673.ogg
688fd6f612d4f3f5c18320fc986584a2,678.ogg
f22a5d706a2957902eb623d2ce2bae04,680.ogg
b48ed178233bf9fcb029fb05a2e34a06,683.ogg
dc2595b18d39d9c4b093b662d3f65c9f,684.ogg
91fcc733826e41c1698d8b5e9700f846,687.ogg
b8b3370bdcaefd392d6515dab9aa72e5,693.ogg
dde72b387290917ea41a0351194b90af,705.ogg
78d05703891709bb23ce369f07be10f0,710.ogg
eef3b8d797dd47632a91d7198712e652,714.ogg
65f49389776dbbd4dce7a45102c5adcc,722.ogg
979c8c8a73e4137553d69aec1198a526,727.ogg
f9916faed2a2e447114ae3f994050eef,735.ogg
5eb4d784d560ecf69de0270b4fc4eaa5,745.ogg
9ca6166cd9e1f3663302536d4469fbfb,747.ogg
f4741d4871525e0df4209e711b6ff1c7,753.ogg
70aa45667788bc7d7d8e0b22d7f946ac,772.ogg
9d26a64f1c1997dc9427ce5f0362d145,775.ogg
1afd0730ba50f6160a899d651795568b,776.ogg
d779bdd8797004809a22c8496abdf72e,777.ogg
bf2e175dd8c4a9c0701eba697e3def35,780.ogg
b98cab3e35a80d75816c7c1e7b759dba,784.ogg
a9c9f90651aa985f12a430b5a3804edb,787.ogg
abd35f1627d4f61e5907c75ebb13177a,799.ogg
473e670def5e94cfc66ddf6a69248971,802.ogg
4449abbc954f15572fdab7e814d4e8f4,809.ogg
3a9c8cc3707abbcff40512f3a5bbeafe,810.ogg
5025c9c845cdd197ac4cf2885acf8022,813.ogg
a4e01ccead285e4bf2a1fe753338de94,819.ogg
dc11b8cd8a2879c1f2180bb695e585d8,820.ogg
d5e8bb770d7703a02bc58e8afc5263e5,822.ogg
e91ddb34c635b91b561dbb76ded64e30,828.ogg
f7c7ed2649e654060d968cdccebebc92,835.ogg
978fc1e858c8f650c8d92d8d8861d9e4,837.ogg
034088713ce4dcb2db9538b7e6047151,838.ogg
69525e765cd322d19b016cea767ba1db,841.ogg
52c75f369045085f7c61afca13dafcc0,846.ogg
066d2caf87b03d6d15ba2c263605210f,848.ogg
21173d592343453777bd94cabf1e20b6,851.ogg
db57d33f2a07f0391957fdb70312ecbc,854.ogg
8d82c00837ab53358e863a21d66556a1,855.ogg
79b5de883bf5fe7184ffcd63bcbabaa1,857.ogg
ab0bb31ec1587d9b7388248883f8f77d,859.ogg
81ea2c7f7023709d857f9659cb7a77b8,864.ogg
168777e3615834408444ed85db779b14,865.ogg
1c7ac52110d149e360cf4f9c5884f0fd,866.ogg
2845be76a113213edd8ad571867cc172,868.ogg
4011905f518fea378f3f6c751c19eb87,870.ogg
8def7f22501e9a99b573b0f3e9fcbe34,877.ogg
5b1f766932e4b1da7fd785740bcf6290,882.ogg
527024a3b8b315b2b83506002dcc1fbb,889.ogg
60bde2c960cc2ab6f1197993159d273d,896.ogg
02cbd3e39a5e4f51e17e76771e21b384,900.ogg
91cc446e6adf33a9d46bb192c97ffa51,901.ogg
5fe96e16bfd4b875323f39c12eaa6045,902.ogg
ce3d8f13e949e715641c3082471aab8e,903.ogg
d3d43996668c4f8c0e9d9f24aaf5896f,905.ogg
fa6e0f3b0eb3536542339e864ee71e45,907.ogg
4e69e3cbcdcba9d6bee9794adc24be03,909.ogg
f68714bce75b4b5cad121ba87b2b5244,910.ogg
4469a1a74e1c77e2213c0f41d93c0712,911.ogg
880f87b6916a281038715e209b60f19e,916.ogg
31861d13f08da28f1ff023aff366eded,917.ogg
7df90e88c2375e04f59d0f59156708eb,922.ogg
d07fb474ab0a4fe0233937513eb57c8d,925.ogg
52726cf4f02dabf395af1805257fa9bf,931.ogg
8e99db45b30693c8e9c9473083fa60c3,932.ogg
805df3c9540c8c89d6f8db350f96572f,937.ogg
b44a5e4e2476123c08f26a9e4dc80aa0,938.ogg
c33fe66de4dd2b5c41faf9db6666f9bf,940.ogg
3bb9676de3e2fb111dee11a71b80e057,943.ogg
1a38a607d848e4ff55603b8c01dd7ffc,944.ogg
db5609adef1b4186fb0d6abc292481d4,948.ogg
08b0c140a3c569b2f82651dbc13cfb94,955.ogg
42036ca8934bfd18a9596d7a57c96561,958.ogg
d41d8cd98f00b204e9800998ecf8427e,961.ogg
5868de11d7df5af15aab0b21b00f745f,966.ogg
1d4b76de1b3cda615d768e9f33bc15ec,967.ogg
2977a56a55590ca8a6fe14cf4663f254,986.ogg
a761d525b4b3232d49de33ca3eadad86,987.ogg
14e07872a7ded99314d817e271bd291f,990.ogg
89988600775ca656fe4e014ed6ee2d34,992.ogg
e28186345d52dc96b0fc329e965c7a5f,993.ogg
ece7d9f3419beea053022ceefe33c1c4,994.ogg
d66a4dd33a4700d8e76be54a7f902172,995.ogg
7639fe07f5013282629b7a940072af1d,1006.ogg
d22e03983a2f8ebbe323b1ff8e55783e,1011.ogg
adea8f90e821463b71e362d947c252e1,1018.ogg
231265d9a68752e0367a0e9854c45ff4,1032.ogg
e7c437c4c595ec7f66de5a0bd2e183a4,1034.ogg
7f782b36ceb09679fd9f500c33abcc6a,1043.ogg
93db824503c038cecee55ede0968e47b,1045.ogg
7321aba6ba31de3eea0fd9e09c4c02da,1051.ogg
c6bfee70809b620e366828cafcb35658,1053.ogg
e4842fe1659bbd1a44ef89b658e2e1f1,1055.ogg
884161ee4909a1c997b04051ca5e4b0f,1063.ogg
e55be203f162c01bde824f8ca35e5aff,1070.ogg
b84380f7ff5efe5a05eda7b3af7cc5b2,1071.ogg
96f4314d0232856a567c3fd0954de53b,1075.ogg
7981e58eef66a9ef6a5498956d88baed,1078.ogg
017194d8e6e08ed1caa2d38ee6f9869c,1096.ogg
8e455b011dd67f583bf7d847798d53c5,1103.ogg
1d4f97ff8a690b348407365f3f715fa8,1105.ogg
57fcce3beeae8f3cb208630e82f52c48,1113.ogg
30c708a4ffdb32c5648b639260db1d76,1129.ogg
c3b89e31e2a3cfb85d7bb446fe4cb515,1137.ogg
7d89246cafeca38d18910811486df103,1138.ogg
752c419afe59a38aee4a73e24993cdc8,1139.ogg
